{
    "rmse": 0.7211007530135664,
    "mae": 0.5839189221348232,
    "r2": 0.18675899906673066
}