{
    "rmse": 0.7873711868330394,
    "mae": 0.62709011617492,
    "r2": 0.20375242434855234
}