{
    "rmse": 0.768113699308912,
    "mae": 0.6156453545317073,
    "r2": 0.1870777374998841
}